<?xml version="1.0" encoding="UTF-8"?>
<project-private xmlns="http://www.netbeans.org/ns/project-private/1">
    <editor-bookmarks xmlns="http://www.netbeans.org/ns/editor-bookmarks/2" lastBookmarkId="0"/>
    <open-files xmlns="http://www.netbeans.org/ns/projectui-open-files/2">
        <group>
            <file>file:/home/renner/Desenvolvimento/Faculdade/Linguagem-de-Programa-o-Multiplataforma/T1.1/src/model/VendaDAO.java</file>
            <file>file:/home/renner/Desenvolvimento/Faculdade/Linguagem-de-Programa-o-Multiplataforma/T1.1/src/t1/pkg1/Main.java</file>
            <file>file:/home/renner/Desenvolvimento/Faculdade/Linguagem-de-Programa-o-Multiplataforma/T1.1/src/model/CompraDAO.java</file>
        </group>
    </open-files>
</project-private>
